{
    "vertices": [0.271127,-1.11884,-0.925411,0.271127,-1.11884,1.07459,-1.72887,-1.11884,1.07459,-1.72887,-1.11884,-0.925412,0.271128,0.88116,-0.925411,0.271127,0.88116,1.07459,-1.72887,0.88116,1.07459,-1.72887,0.88116,-0.925411],
    "faces": [33,0,1,2,3,0,1,2,3,33,4,7,6,5,4,5,6,7,33,0,4,5,1,0,4,7,1,33,1,5,6,2,1,7,6,2,33,2,6,7,3,2,6,5,3,33,4,0,3,7,4,0,3,5],
    "normals": [0.577349,-0.577349,-0.577349,0.577349,-0.577349,0.577349,-0.577349,-0.577349,0.577349,-0.577349,-0.577349,-0.577349,0.577349,0.577349,-0.577349,-0.577349,0.577349,-0.577349,-0.577349,0.577349,0.577349,0.577349,0.577349,0.577349],
    "metadata": {
        "type": "Geometry",
        "vertices": 8,
        "faces": 6,
        "normals": 8,
        "generator": "io_three",
        "uvs": 0,
        "version": 3
    },
    "name": "CubeGeometry.1",
    "uvs": []
}