{
    "vertices": [2.1173,3.06405,-2.64962,2.12378,3.06406,1.58957,-2.11534,3.03986,1.59606,-2.12183,3.03985,-2.64314,2.11535,3.40679,-2.64962,2.12183,3.4068,1.58958,-2.1173,3.3826,1.59606,-2.12378,3.38259,-2.64314,1.49556,3.0605,-2.64867,1.50205,3.06052,1.59052,1.49361,3.40324,-2.64867,1.50009,3.40325,1.59053,-1.58487,3.04291,-2.64396,-1.57839,3.04293,1.59524,-1.58683,3.38565,-2.64396,-1.58035,3.38567,1.59524,2.09425,3.0639,1.0377,-2.14481,3.0397,1.06228,2.0923,3.40664,1.0377,-2.14677,3.38244,1.06229,1.47252,3.06035,1.04131,1.47057,3.40309,1.04131,-1.60786,3.04276,1.05917,-1.60982,3.3855,1.05917,-2.12601,3.03982,-1.96958,-2.12796,3.38256,-1.96958,1.49137,3.06047,-1.97792,-1.58905,3.04289,-1.97082,2.11311,3.06402,-1.97935,2.11116,3.40676,-1.97935,1.48942,3.40321,-1.97792,-1.59101,3.38562,-1.97082,2.13395,0.146532,-2.64964,2.14044,0.146551,1.58956,-2.09869,0.122351,1.59604,-2.10517,0.122332,-2.64315,1.51222,0.142983,-2.64868,1.5187,0.143002,1.59051,-1.56822,0.125398,-2.64397,-1.56173,0.125416,1.59522,2.11091,0.146385,1.03769,-2.12816,0.122185,1.06227,1.48918,0.142835,1.0413,-1.59121,0.12525,1.05916,-2.10935,0.122306,-1.96959,1.50803,0.142956,-1.97793,-1.57239,0.125371,-1.97083,2.12977,0.146505,-1.97937,2.09089,7.69117,-2.6496,2.09737,7.69118,1.58959,1.46915,7.68762,-2.64865,1.47563,7.68764,1.59055,2.06784,7.69102,1.03772,1.44611,7.68747,1.04133,2.0867,7.69114,-1.97933,1.46496,7.68759,-1.9779],
    "metadata": {
        "vertices": 56,
        "type": "Geometry",
        "normals": 51,
        "uvs": 0,
        "version": 3,
        "generator": "io_three",
        "faces": 54
    },
    "name": "CubeGeometry",
    "faces": [33,28,26,45,47,0,1,2,3,33,23,19,6,15,4,5,6,7,33,16,18,5,1,8,9,10,11,33,13,15,6,2,12,7,6,13,33,24,25,7,3,14,15,16,17,33,14,12,3,7,18,19,17,16,33,22,13,39,43,20,12,21,22,33,30,21,53,55,23,24,25,23,33,1,5,11,9,11,10,26,27,33,4,0,8,10,28,29,30,31,33,20,9,13,22,32,27,12,20,33,21,23,15,11,24,4,7,26,33,9,11,15,13,27,26,7,12,33,10,8,12,14,31,30,19,18,33,27,22,17,24,33,20,34,14,33,31,25,19,23,4,15,5,4,33,28,29,18,16,0,35,9,8,33,2,6,19,17,13,6,5,34,33,28,16,20,26,0,8,32,1,33,29,4,48,54,35,28,36,37,33,26,20,22,27,1,32,20,33,33,30,31,23,21,23,4,4,24,33,17,19,25,24,34,5,15,14,33,8,0,32,36,30,29,38,39,33,14,7,25,31,18,16,15,4,33,0,4,29,28,29,28,35,0,33,3,12,38,35,17,19,40,39,33,10,30,55,50,31,23,23,16,33,8,26,27,12,30,1,33,19,33,10,14,31,30,31,18,4,23,33,43,39,34,41,22,21,41,42,33,40,33,37,42,43,44,45,46,33,38,46,44,35,40,3,47,39,33,32,47,45,36,38,3,2,39,33,9,20,42,37,27,32,46,45,33,0,28,47,32,29,0,3,38,33,1,9,37,33,11,27,45,44,33,12,27,46,38,19,33,3,40,33,16,1,33,40,8,11,44,43,33,27,24,44,46,33,14,47,3,33,2,17,41,34,13,34,42,41,33,20,16,40,42,32,8,43,46,33,24,3,35,44,14,17,39,47,33,26,8,36,45,1,30,39,2,33,13,2,34,39,12,13,41,21,33,17,22,43,41,34,20,22,42,33,52,53,51,49,48,25,49,50,33,54,55,53,52,37,23,25,48,33,48,50,55,54,36,16,23,37,33,18,29,54,52,9,35,37,48,33,21,11,51,53,24,26,49,25,33,11,5,49,51,26,10,50,49,33,4,10,50,48,28,31,16,36,33,5,18,52,49,10,9,48,50],
    "uvs": [],
    "normals": [0.90524,-0.294137,0.306589,-0.295419,-0.907224,0.299387,-0.575396,-0.580187,0.576403,0.579272,-0.57448,0.578234,-0.005707,0.999969,0,-0.717643,0.696158,0.017457,-0.562639,0.577013,0.591998,-0.00293,0.707083,0.707083,0.896542,-0.296304,-0.329234,0.999695,0.005707,-0.023591,0.726249,0.00412,0.687399,0.726249,0.00412,0.687368,0.307718,-0.313608,0.898282,-0.686758,-0.003906,0.726829,-0.903714,-0.308847,0.296426,-0.711112,0.703055,-0.004364,-0.579058,0.57445,-0.578478,-0.705435,-0.003998,-0.708731,-0.005097,0.707083,-0.707083,0.302347,-0.301767,-0.904141,0.305643,-0.896969,-0.319346,0.598071,-0.571184,0.562151,0.561571,-0.576769,-0.593249,-0.711112,0.703055,-0.004395,-0.704093,0.709891,0.016602,-0.71749,0.69631,0.016907,-0.298013,0.286569,0.91052,-0.294717,-0.289956,0.91052,0.708762,0.004028,-0.705405,0.708762,0.004028,-0.705435,-0.300668,-0.301218,-0.904904,-0.304086,0.297769,-0.904874,-0.296396,-0.911771,-0.284188,0.307566,-0.901791,0.303568,-0.911771,-0.307108,-0.272561,0.999939,0.005707,0.006226,0.57561,0.580218,-0.576159,0.703024,0.711112,0.004395,0.582171,-0.573595,-0.576189,-0.572466,-0.581011,-0.578478,0.582171,-0.573626,-0.576189,-0.556017,-0.583392,0.591968,-0.592669,-0.578173,-0.560717,0.562029,-0.576678,-0.592883,0.597644,-0.571245,0.562548,-0.556475,-0.583331,0.591601,-0.592242,-0.578234,-0.561113,-0.575365,-0.580187,0.576434,0.695975,0.717856,-0.016511,-0.563128,0.576922,0.591632,0.591083,0.578021,0.562548]
}